{
    "history_accuracy": [
        0.5613204379071798,
        0.6723587883672509,
        0.7376472744846435
    ],
    "history_epsilon": [
        1.5725090911642419,
        1.8275692401688217,
        1.996117067429878
    ],
    "history_loss": [
        1.4490440545188419,
        0.9075749449262258,
        0.7439073870237543
    ]
}