{
    "history_accuracy": [
        0.5923896851931544,
        0.6879706152433425,
        0.7362876254180603
    ],
    "history_epsilon": [
        7.710522337732156,
        8.999919266160106,
        9.991013000995125
    ],
    "history_loss": [
        1.3411357247993991,
        0.8886431163311084,
        0.7583672115117013
    ]
}