{
    "history_accuracy": [
        0.5897173424910844,
        0.6904585798816568,
        0.734256319909585,
        0.7710197970387622,
        0.7737376440482363,
        0.7921045629905548,
        0.8110255897640943,
        0.8184243434764485,
        0.8238992664548646,
        0.8347709475008692,
        0.8378143972246314,
        0.835914916370077,
        0.8472363824773111,
        0.843413338678158,
        0.8570742611143306,
        0.8643315409484563,
        0.8559343370763886,
        0.867083934624291,
        0.870216306156406,
        0.8710666532622902
    ],
    "history_epsilon": [
        4.093344050400299,
        4.611794374136125,
        4.992297398100975,
        5.313670826494652,
        5.600063201371546,
        5.862486689268605,
        6.1069744750834465,
        6.337365779688054,
        6.5562571443369215,
        6.765533092135769,
        6.966655755895967,
        7.160631931696711,
        7.348421686797777,
        7.530636316793628,
        7.707975134224981,
        7.880811013780929,
        8.049594389341747,
        8.214725766067243,
        8.376438127872131,
        8.535007831430484
    ],
    "history_loss": [
        1.2950587678779906,
        0.8609441572383463,
        0.7896057173964139,
        0.7206235425555751,
        0.7554341818724923,
        0.729133113380187,
        0.6993560349640966,
        0.7030674254849535,
        0.6873320749287881,
        0.6505836182616704,
        0.6772685779688699,
        0.6857250614133553,
        0.6535832797602723,
        0.6874781475291177,
        0.6447096327690605,
        0.6354248611346373,
        0.683316780124716,
        0.647696887384218,
        0.6393126171777729,
        0.6320765268528599
    ]
}