{
    "history_accuracy": [
        0.8769,
        0.9326333333333333,
        0.9429333333333333
    ],
    "history_epsilon": [
        0.0,
        0.0,
        0.0
    ],
    "history_loss": [
        0.39819054305553436,
        0.20904221385717392,
        0.20567303895950317
    ]
}